date,price_a,price_b
2023-01-03,38.068782806396484,49.61948013305664
2023-01-04,38.10600280761719,53.39240646362305
2023-01-05,38.04085159301758,53.894813537597656
2023-01-06,39.48356246948242,55.92411804199219
2023-01-09,39.353240966796875,55.52022933959961
2023-01-10,39.548709869384766,56.357566833496094
2023-01-11,37.94776916503906,57.19490051269531
2023-01-12,37.16592025756836,56.416664123535156
2023-01-13,37.398616790771484,56.08174133300781
2023-01-17,37.25900650024414,56.00292205810547
2023-01-18,37.249691009521484,55.667999267578125
2023-01-19,36.728458404541016,55.52022933959961
2023-01-20,37.47307586669922,57.58894729614258
2023-01-23,38.19908142089844,60.89887619018555
2023-01-24,38.08648681640625,60.34721374511719
2023-01-25,38.02080535888672,60.623043060302734
2023-01-26,38.46181869506836,61.8642692565918
2023-01-27,37.823753356933594,62.91831970214844
2023-01-30,37.542259216308594,60.79050827026367
2023-01-31,38.11463928222656,59.401519775390625
2023-02-01,38.68700408935547,61.66724395751953
2023-02-02,39.803619384765625,62.228755950927734
2023-02-03,39.63471984863281,61.48008346557617
2023-02-06,38.433658599853516,59.08628845214844
2023-02-07,39.40013885498047,61.204246520996094
2023-02-08,39.2593879699707,59.352272033691406
2023-02-09,39.447059631347656,59.283302307128906
2023-02-10,40.085105895996094,58.92867660522461
2023-02-13,40.72317123413086,59.22420883178711
2023-02-14,40.37599182128906,61.14514923095703
2023-02-15,40.160179138183594,60.91857147216797
2023-02-16,40.085105895996094,59.15524673461914
2023-02-17,39.85991287231445,58.130741119384766
2023-02-21,39.30630111694336,56.74175262451172
2023-02-22,39.23124313354492,56.130985260009766
2023-02-23,39.437679290771484,57.87461853027344
2023-02-24,39.04358673095703,57.3131103515625
2023-02-27,38.4712028503418,57.03728485107422
2023-02-28,38.13340377807617,56.95846939086914
2023-03-01,37.94573974609375,56.48562240600586
2023-03-02,37.692386627197266,55.58918762207031
2023-03-03,37.33583068847656,55.9339714050293
2023-03-06,36.660240173339844,55.98322296142578
2023-03-07,35.65623474121094,54.732147216796875
2023-03-08,36.37874221801758,56.042335510253906
2023-03-09,35.46856689453125,54.77154541015625
2023-03-10,34.455177307128906,54.11153793334961
2023-03-13,34.31442642211914,53.09688186645508
2023-03-14,35.233985900878906,53.46137237548828
2023-03-15,35.19644546508789,53.323463439941406
2023-03-16,35.70314407348633,55.72709274291992
2023-03-17,34.92435073852539,55.81576156616211
2023-03-20,36.172306060791016,56.78115463256836
2023-03-21,36.73530960083008,57.756412506103516
2023-03-22,35.731300354003906,57.303253173828125
2023-03-23,35.487335205078125,60.42603302001953
2023-03-24,35.07447052001953,60.24870681762695
2023-03-27,35.64685821533203,58.89912033081055
2023-03-28,35.94710922241211,58.3967170715332
2023-03-29,36.7071533203125,62.59324264526367
2023-03-30,37.401512145996094,62.14994812011719
2023-03-31,37.72993087768555,59.440921783447266
2023-04-03,38.44304656982422,58.721797943115234
2023-04-04,38.34921646118164,56.416664123535156
2023-04-05,38.283531188964844,56.17039489746094
2023-04-06,37.748687744140625,57.80403137207031
2023-04-10,38.874671936035156,62.45322036743164
2023-04-11,39.034183502197266,62.74934768676758
2023-04-12,39.287532806396484,61.16014099121094
2023-04-13,40.01943588256836,62.186710357666016
2023-04-14,40.61057662963867,61.82148361206055
2023-04-17,41.22047805786133,61.7326545715332
2023-04-18,42.69364547729492,61.130523681640625
2023-04-19,41.12664794921875,59.8670539855957
2023-04-20,40.27277755737305,60.666587829589844
2023-04-21,40.4510612487793,60.34085464477539
2023-04-24,40.39427947998047,58.74176025390625
2023-04-25,39.476219177246094,57.38945007324219
2023-04-26,39.4383544921875,60.23227310180664
2023-04-27,40.50784683227539,61.10091781616211
2023-04-28,41.160892486572266,63.5291633605957
2023-05-01,41.47321701049805,61.54510498046875
2023-05-02,42.36287307739258,61.10091781616211
2023-05-03,42.741451263427734,60.12369155883789
2023-05-04,41.81393814086914,59.728851318359375
2023-05-05,42.95914840698242,60.43955612182617
2023-05-08,43.55540466308594,60.084205627441406
2023-05-09,43.517539978027344,60.14342498779297
2023-05-10,43.375572204589844,59.21556854248047
2023-05-11,42.30609130859375,60.81465530395508
2023-05-12,42.36287307739258,60.133567810058594
2023-05-15,42.523773193359375,63.8055419921875
2023-05-16,42.94968032836914,62.907291412353516
2023-05-17,43.394493103027344,64.08192443847656
2023-05-18,44.59648132324219,66.69770812988281
2023-05-19,45.192752838134766,67.28997039794922
2023-05-22,44.99400329589844,65.37500762939453
2023-05-23,43.86772155761719,65.15785217285156
2023-05-24,43.4512939453125,65.67115783691406
2023-05-25,45.505069732666016,68.71138000488281
2023-05-26,45.91204071044922,72.97561645507812
2023-05-30,44.7857780456543,70.76454162597656
2023-05-31,42.41020584106445,67.319580078125
2023-06-01,43.025386810302734,68.19808197021484
2023-06-02,44.73845291137695,68.27706146240234
2023-06-05,43.044315338134766,66.89512634277344
2023-06-06,44.340946197509766,66.66809844970703
2023-06-07,45.107566833496094,66.19429016113281
2023-06-08,45.32524490356445,64.47675323486328
2023-06-09,45.06024169921875,64.58534240722656
2023-06-12,45.495609283447266,66.57926940917969
2023-06-13,46.1865119934082,66.99384307861328
2023-06-14,46.73545455932617,68.22772216796875
2023-06-15,47.511539459228516,67.93158721923828
2023-06-16,47.009918212890625,66.78655242919922
2023-06-20,46.68812942504883,66.03636932373047
2023-06-21,47.3790397644043,64.95056915283203
2023-06-22,48.53369140625,65.39476013183594
2023-06-23,48.14564895629883,64.43727111816406
2023-06-26,48.571563720703125,64.6050796508789
2023-06-27,48.63780975341797,65.92778015136719
2023-06-28,48.997459411621094,66.20417022705078
2023-06-29,50.256229400634766,63.499542236328125
2023-06-30,51.21213912963867,62.29529571533203
2023-07-03,51.685367584228516,63.07509231567383
2023-07-05,51.30677795410156,61.258853912353516
2023-07-06,50.918731689453125,60.43955612182617
2023-07-07,50.663204193115234,59.979698181152344
2023-07-10,51.93143081665039,61.78947067260742
2023-07-11,52.754844665527344,62.897098541259766
2023-07-12,51.2689208984375,63.08499526977539
2023-07-13,52.66019821166992,63.81681442260742
2023-07-14,52.45197296142578,63.37179183959961
2023-07-17,51.77054977416992,64.43986511230469
2023-07-18,50.94712829589844,64.22229766845703
2023-07-19,51.3919563293457,64.24207305908203
2023-07-20,50.72945022583008,63.97505187988281
2023-07-21,50.69160079956055,64.9244384765625
2023-07-24,51.20623016357422,64.75631713867188
2023-07-25,51.816165924072266,64.95410919189453
2023-07-26,51.38730239868164,66.63531494140625
2023-07-27,51.187171936035156,70.28453826904297
2023-07-28,50.13883590698242,70.4130859375
2023-07-31,50.43427276611328,70.60100555419922
2023-08-01,50.86314010620117,69.97797393798828
2023-08-02,50.462860107421875,67.41658020019531
2023-08-03,50.99655532836914,68.41544342041016
2023-08-04,50.7392463684082,69.13735961914062
2023-08-07,52.006771087646484,68.61322021484375
2023-08-08,54.87538528442383,66.90234375
2023-08-09,53.91283416748047,65.96282196044922
2023-08-10,53.36960220336914,64.71675872802734
2023-08-11,54.1701545715332,63.65858459472656
2023-08-14,54.093902587890625,67.5253677368164
2023-08-15,53.11228561401367,64.60796356201172
2023-08-16,52.62623977661133,63.510231018066406
2023-08-17,52.28314208984375,62.85753631591797
2023-08-18,52.34986877441406,62.887203216552734
2023-08-21,53.41725540161133,63.253116607666016
2023-08-22,53.17898941040039,62.709197998046875
2023-08-23,54.16062545776367,64.46953582763672
2023-08-24,54.04625701904297,62.9860954284668
2023-08-25,53.569732666015625,63.01576614379883
2023-08-28,54.50370407104492,64.58821105957031
2023-08-29,53.84612274169922,65.94304656982422
2023-08-30,53.07415771484375,67.33746337890625
2023-08-31,53.598331451416016,69.16703033447266
2023-09-01,64.98702239990234,69.61205291748047
2023-09-05,64.9012451171875,69.5131607055664
2023-09-06,67.15992736816406,69.63182830810547
2023-09-07,65.73991394042969,69.0978012084961
2023-09-08,67.18850708007812,69.40438079833984
2023-09-11,68.77056121826172,69.25602722167969
2023-09-12,67.40772247314453,69.53292846679688
2023-09-13,67.140869140625,70.06697845458984
2023-09-14,67.81751251220703,70.99658966064453
2023-09-15,66.03534698486328,69.10769653320312
2023-09-18,65.90193176269531,69.72083282470703
2023-09-19,66.61670684814453,69.92851257324219
2023-09-20,65.7018051147461,68.909912109375
2023-09-21,65.22528076171875,67.14956665039062
2023-09-22,66.7596664428711,68.11874389648438
2023-09-25,66.7406005859375,67.82205963134766
2023-09-26,65.69224548339844,67.18912506103516
2023-09-27,64.75830841064453,67.45614624023438
2023-09-28,65.28245544433594,64.47940826416016
2023-09-29,65.66368865966797,67.27812194824219
2023-10-02,64.5200424194336,67.20890808105469
2023-10-03,64.0816421508789,67.0803451538086
2023-10-04,64.04351806640625,67.35726165771484
2023-10-05,63.080963134765625,68.28687286376953
2023-10-06,63.29063034057617,69.30223083496094
2023-10-09,64.02446746826172,68.82675170898438
2023-10-10,64.78688049316406,68.42058563232422
2023-10-11,67.03604125976562,69.54986572265625
2023-10-12,65.80662536621094,69.09420776367188
2023-10-13,64.84407043457031,68.55926513671875
2023-10-16,64.57721710205078,68.43050384521484
2023-10-17,64.71065521240234,68.35124969482422
2023-10-18,63.748077392578125,68.48992919921875
2023-10-19,63.88150405883789,66.89506530761719
2023-10-20,62.81412124633789,66.58800506591797
2023-10-23,62.814117431640625,66.25118255615234
2023-10-24,64.16547393798828,67.43000030517578
2023-10-25,63.580841064453125,65.87474822998047
2023-10-26,61.82695770263672,63.923274993896484
2023-10-27,63.216651916503906,65.03274536132812
2023-10-30,63.66709518432617,65.44879913330078
2023-10-31,64.12714385986328,66.24127960205078
2023-11-01,65.81392669677734,68.74748992919922
2023-11-02,65.79476165771484,69.7777099609375
2023-11-03,66.6189956665039,71.89759826660156
2023-11-06,68.97667694091797,72.23439025878906
2023-11-07,68.63166046142578,72.11553192138672
2023-11-08,69.4654769897461,71.60041809082031
2023-11-09,69.23544311523438,72.87828063964844
2023-11-10,70.44305419921875,74.65145874023438
2023-11-13,70.70182800292969,74.076904296875
2023-11-14,70.81682586669922,76.4444351196289
2023-11-15,69.9063491821289,76.41471099853516
2023-11-16,69.52297973632812,75.94914245605469
2023-11-17,70.53888702392578,76.83076477050781
2023-11-20,70.30887603759766,77.88080596923828
2023-11-21,70.55807495117188,75.98876953125
2023-11-22,71.573974609375,76.37508392333984
2023-11-24,71.31521606445312,76.14727020263672
2023-11-27,71.36312866210938,76.78125762939453
2023-11-28,70.95101928710938,75.40431213378906
2023-11-29,71.93817138671875,75.96895599365234
2023-11-30,72.71448516845703,75.40431213378906
2023-12-01,68.93836212158203,75.21609497070312
2023-12-04,66.43689727783203,73.59151458740234
2023-12-05,66.40814208984375,72.99716186523438
2023-12-06,64.81718444824219,72.44242095947266
2023-12-07,65.73725891113281,72.95753479003906
2023-12-08,65.84268951416016,74.25521087646484
2023-12-11,66.36023712158203,77.05860137939453
2023-12-12,67.07904815673828,77.42514038085938
2023-12-13,66.96404266357422,79.03980255126953
2023-12-14,69.41756439208984,81.41724395751953
2023-12-15,68.64126586914062,80.64458465576172
2023-12-18,70.31846618652344,80.79315185546875
2023-12-19,70.4718017578125,81.39743041992188
2023-12-20,69.40796661376953,77.95014953613281
2023-12-21,72.1873550415039,84.67630767822266
2023-12-22,72.5611343383789,85.67680358886719
2023-12-26,73.79747772216797,86.24144744873047
2023-12-27,74.04667663574219,85.84522247314453
2023-12-28,73.49079132080078,85.19141387939453
2023-12-29,73.31828308105469,84.65081787109375
2024-01-02,71.67940521240234,81.675048828125
2024-01-03,73.41411590576172,81.59569549560547
2024-01-04,72.8103256225586,82.04205322265625
2024-01-05,72.68572998046875,82.77607727050781
2024-01-08,76.059326171875,84.26396179199219
2024-01-09,73.90290832519531,82.65705871582031
2024-01-10,74.99549102783203,81.7147216796875
2024-01-11,76.394775390625,82.71656036376953
2024-01-12,76.01141357421875,81.72464752197266
2024-01-16,76.2126693725586,83.92671966552734
2024-01-17,74.43003845214844,82.60745239257812
2024-01-18,75.14884185791016,84.13501739501953
2024-01-19,79.73004150390625,86.80328369140625
2024-01-22,78.11271667480469,88.5193099975586
2024-01-23,79.35459899902344,86.82312774658203
2024-01-24,80.58682250976562,87.36868286132812
2024-01-25,79.94182586669922,88.47964477539062
2024-01-26,81.07779693603516,87.33893585205078
2024-01-29,80.29802703857422,88.35069274902344
2024-01-30,81.63614654541016,85.4642105102539
2024-01-31,79.78778839111328,85.0574951171875
2024-02-01,82.57958221435547,84.91863250732422
2024-02-02,83.09945678710938,85.7816162109375
2024-02-05,82.51220703125,86.27757263183594
2024-02-06,79.59525299072266,83.91679382324219
2024-02-07,80.61571502685547,84.4822006225586
2024-02-08,81.63614654541016,84.19453430175781
2024-02-09,82.98391723632812,84.8690414428711
2024-02-12,83.38827514648438,85.00791931152344
2024-02-13,80.84677124023438,80.87158966064453
2024-02-14,82.82990264892578,81.1691665649414
2024-02-15,79.63375854492188,80.97077941894531
2024-02-16,81.06817626953125,78.85797119140625
2024-02-20,79.38346099853516,80.05821228027344
2024-02-21,78.35338592529297,80.83190155029297
2024-02-22,84.51461791992188,85.21621704101562
2024-02-23,86.97909545898438,85.30548858642578
2024-02-26,89.30880737304688,88.73755645751953
2024-02-27,88.14395904541016,91.10824584960938
2024-02-28,89.77090454101562,88.98554229736328
2024-02-29,91.12828826904297,89.87825775146484
2024-03-01,119.94161224365234,94.38159942626953
2024-03-04,117.23646545410156,94.99658966064453
2024-03-05,113.3568115234375,93.70707702636719
2024-03-06,114.0788345336914,94.78827667236328
2024-03-07,116.00421905517578,98.1806640625
2024-03-08,111.91276550292969,96.83164978027344
2024-03-11,111.5373306274414,93.74677276611328
2024-03-12,109.31351470947266,96.63327026367188
2024-03-13,105.89595794677734,93.39959716796875
2024-03-14,102.47840118408203,90.6916275024414
2024-03-15,103.00789642333984,92.49693298339844
2024-03-18,102.65169525146484,93.02266693115234
2024-03-19,103.50849151611328,93.24087524414062
2024-03-20,106.92604064941406,95.47270965576172
2024-03-21,109.78524780273438,108.96288299560547
2024-03-22,108.05237579345703,109.31998443603516
2024-03-25,108.7840347290039,116.18408966064453
2024-03-26,110.37247467041016,117.84061431884766
2024-03-27,107.51329803466797,118.28697204589844
2024-03-28,109.85261535644531,117.05082702636719
2024-04-01,115.17631530761719,123.41519927978516
2024-04-02,114.02107238769531,121.8762435913086
2024-04-03,123.78276824951172,127.09878540039062
2024-04-04,122.41574096679688,123.2066879272461
2024-04-05,127.76830291748047,122.70033264160156
2024-04-08,122.40611267089844,122.07481384277344
2024-04-09,119.11370849609375,121.757080078125
2024-04-10,118.76715087890625,121.33014678955078
2024-04-11,119.41214752197266,126.60234832763672
2024-04-12,113.36643981933594,121.64787292480469
2024-04-15,113.41458892822266,120.50607299804688
2024-04-16,116.56257629394531,120.9032211303711
2024-04-17,115.15705871582031,115.50194549560547
2024-04-18,113.95370483398438,111.13325500488281
2024-04-19,110.58427429199219,106.0099868774414
2024-04-22,111.6618423461914,108.34326934814453
2024-04-23,116.58098602294922,111.65946960449219
2024-04-24,116.16541290283203,110.98432922363281
2024-04-25,120.71733856201172,110.78575897216797
2024-04-26,120.86229705810547,114.02255249023438
2024-04-29,123.41368865966797,113.54595947265625
2024-04-30,120.45639038085938,112.15592956542969
2024-05-01,114.79308319091797,108.91912841796875
2024-05-02,119.24834442138672,111.53041076660156
2024-05-03,120.90095520019531,113.8835220336914
2024-05-06,124.9889907836914,119.27488708496094
2024-05-07,123.26872253417969,118.3614273071289
2024-05-08,127.19244384765625,118.47064971923828
2024-05-09,127.26007080078125,116.97138214111328
2024-05-10,128.31349182128906,120.37698364257812
2024-05-13,126.61256408691406,122.12445831298828
2024-05-14,129.61819458007812,123.92157745361328
2024-05-15,144.15338134765625,126.90021514892578
2024-05-16,141.38934326171875,126.97965240478516
2024-05-17,144.50128173828125,124.39816284179688
2024-05-20,140.5679168701172,128.0817413330078
2024-05-21,142.29783630371094,126.59242248535156
2024-05-22,142.81968688964844,125.38111877441406
2024-05-23,148.4153594970703,125.37117767333984
2024-05-24,154.80343627929688,128.5682830810547
2024-05-28,160.50546264648438,131.72561645507812
2024-05-29,173.19471740722656,130.6433868408203
2024-05-30,164.216552734375,125.39103698730469
2024-05-31,134.87559509277344,124.11022186279297
2024-06-03,127.59833526611328,127.25765228271484
2024-06-04,131.20315551757812,125.7385482788086
2024-06-05,133.0393829345703,132.75823974609375
2024-06-06,129.46359252929688,129.1441192626953
2024-06-07,125.60749053955078,130.0079345703125
2024-06-10,128.00424194335938,133.86032104492188
2024-06-11,127.221435546875,134.10855102539062
2024-06-12,127.3857192993164,139.7481231689453
2024-06-13,130.48800659179688,142.12110900878906
2024-06-14,130.4493408203125,140.353759765625
2024-06-17,137.26268005371094,146.7777099609375
2024-06-18,144.14370727539062,152.35769653320312
2024-06-20,143.53485107421875,143.1636199951172
2024-06-21,140.1909942626953,138.54673767089844
2024-06-24,132.94271850585938,138.0204620361328
2024-06-25,135.63909912109375,140.11544799804688
2024-06-26,133.59991455078125,141.3466339111328
2024-06-27,134.74996948242188,131.28878784179688
2024-06-28,133.28099060058594,130.59373474121094
2024-07-01,138.02618408203125,130.5838165283203
2024-07-02,138.65435791015625,131.64617919921875
2024-07-03,137.88121032714844,135.84608459472656
2024-07-05,134.29574584960938,130.66323852539062
2024-07-08,141.0704345703125,129.87322998046875
2024-07-09,140.84814453125,130.3203887939453
2024-07-10,140.87716674804688,135.53758239746094
2024-07-11,135.9966583251953,129.41610717773438
2024-07-12,134.88526916503906,132.71534729003906
2024-07-15,132.61412048339844,130.0520477294922
2024-07-16,129.7534637451172,126.6932144165039
2024-07-17,120.9686050415039,118.75314331054688
2024-07-18,121.13289642333984,116.71595764160156
2024-07-19,121.56780242919922,113.54589080810547
2024-07-22,124.41876983642578,114.55950927734375
2024-07-23,122.04764556884766,113.53595733642578
2024-07-24,112.61162567138672,109.59076690673828
2024-07-25,108.0633316040039,106.77845764160156
2024-07-26,110.12896728515625,108.72621154785156
2024-07-29,107.84027099609375,107.17595672607422
2024-07-30,105.32853698730469,101.91902160644531
2024-07-31,110.2453384399414,109.1336441040039
2024-08-01,105.15397644042969,100.87557220458984
2024-08-02,99.199462890625,92.1206283569336
2024-08-05,95.21366119384766,89.85489654541016
2024-08-06,91.80970764160156,88.44375610351562
2024-08-07,85.23454284667969,86.25751495361328
2024-08-08,88.6966781616211,91.49458312988281
2024-08-09,89.7537612915039,92.49826049804688
2024-08-12,92.39156341552734,94.04852294921875
2024-08-13,96.92048645019531,96.83101654052734
2024-08-14,99.83953857421875,99.78245544433594
2024-08-15,106.88019561767578,106.28157806396484
2024-08-16,107.93726348876953,107.31507873535156
2024-08-19,108.49004364013672,107.95108032226562
2024-08-20,107.36508178710938,107.31507873535156
2024-08-21,108.3251724243164,107.65294647216797
2024-08-22,105.68736267089844,103.60838317871094
2024-08-23,108.62580871582031,102.20720672607422
2024-08-26,108.29608154296875,98.29182434082031
2024-08-27,108.4803237915039,97.24839782714844
2024-08-28,108.18939208984375,94.26715087890625
2024-08-29,107.3941650390625,94.97270202636719
2024-08-30,112.04915618896484,95.63851165771484
2024-09-03,107.42326354980469,88.02639770507812
2024-09-04,105.76493072509766,88.73194885253906
2024-09-05,103.9223403930664,88.8313217163086
2024-09-06,98.91822814941406,85.84014129638672
2024-09-09,102.69071197509766,85.73081970214844
2024-09-10,103.41804504394531,86.30719757080078
2024-09-11,105.5127944946289,90.08345794677734
2024-09-12,108.7615737915039,86.66495513916016
2024-09-13,110.84660339355469,90.64988708496094
2024-09-16,111.91337585449219,86.6351318359375
2024-09-17,113.29048156738281,88.17546081542969
2024-09-18,112.48554992675781,86.80406951904297
2024-09-19,114.2117691040039,88.69219970703125
2024-09-20,113.94993591308594,90.3318862915039
2024-09-23,114.01781463623047,92.9852066040039
2024-09-24,113.76567840576172,93.41251373291016
2024-09-25,116.53925323486328,95.17145538330078
2024-09-26,122.6683120727539,109.1932601928711
2024-09-27,116.58775329589844,106.82813262939453
2024-09-30,114.95851135253906,103.06182098388672
2024-10-01,109.74105834960938,99.68307495117188
2024-10-02,110.03199005126953,99.2259521484375
2024-10-03,112.17522430419922,101.18364715576172
2024-10-04,116.7817153930664,101.6109619140625
2024-10-07,115.49189758300781,102.38197326660156
2024-10-08,118.24607849121094,102.01388549804688
2024-10-09,118.64369201660156,101.17818450927734
2024-10-10,121.02937316894531,105.14771270751953
2024-10-11,123.870849609375,106.37141418457031
2024-10-14,124.47212219238281,107.78411102294922
2024-10-15,122.02825164794922,103.78474426269531
2024-10-16,122.90106964111328,108.67949676513672
2024-10-17,125.27703094482422,111.47508239746094
2024-10-18,122.63921356201172,110.57969665527344
2024-10-21,121.86339569091797,108.52031707763672
2024-10-22,117.1772689819336,107.26677703857422
2024-10-23,116.2916259765625,104.51099395751953
2024-10-24,117.34272003173828,106.3017578125
2024-10-25,119.26972198486328,107.3563232421875
2024-10-28,117.43031311035156,105.84412384033203
2024-10-29,118.37435150146484,107.62494659423828
2024-10-30,125.9363784790039,103.54598236083984
2024-10-31,120.32081604003906,99.13870239257812
2024-11-01,127.36701202392578,99.21829223632812
2024-11-04,126.37432861328125,101.20804595947266
2024-11-05,129.8876953125,104.94872283935547
2024-11-06,134.6468048095703,111.25621795654297
2024-11-07,134.1796417236328,112.8281021118164
2024-11-08,130.63706970214844,111.32584381103516
2024-11-11,134.80252075195312,108.092529296875
2024-11-12,132.817138671875,103.56587219238281
2024-11-13,130.92904663085938,99.4073257446289
2024-11-14,130.8317108154297,98.67111206054688
2024-11-15,128.1164093017578,95.84567260742188
2024-11-18,132.3694305419922,97.00968933105469
2024-11-19,132.26239013671875,97.22856903076172
2024-11-20,130.3743133544922,97.86527252197266
2024-11-21,135.2015380859375,102.23275756835938
2024-11-22,140.34996032714844,102.11336517333984
2024-11-25,140.30130004882812,103.94392395019531
2024-11-26,137.94607543945312,101.27767944335938
2024-11-27,121.05073547363281,97.69613647460938
2024-11-29,124.17481231689453,97.44743347167969
2024-12-02,122.4716567993164,98.04435729980469
2024-12-03,122.19915008544922,99.32772064208984
2024-12-04,122.72470092773438,102.67048645019531
2024-12-05,121.72227478027344,100.3524398803711
2024-12-06,120.09696960449219,100.6509017944336
2024-12-09,120.49600219726562,102.29243469238281
2024-12-10,113.66389465332031,97.59664916992188
2024-12-11,115.51304626464844,101.53633880615234
2024-12-12,115.98992156982422,97.7359390258789
2024-12-13,115.27946472167969,101.97409057617188
2024-12-16,116.07752227783203,107.70452880859375
2024-12-17,115.114013671875,108.04277801513672
2024-12-18,109.6541748046875,103.36689758300781
2024-12-19,108.96318054199219,86.64315032958984
2024-12-20,112.67120361328125,89.65760803222656
2024-12-23,115.63956451416016,89.25965118408203
2024-12-24,115.75634765625,88.82190704345703
2024-12-26,116.08724212646484,89.35913848876953
2024-12-27,114.189453125,88.17524719238281
2024-12-30,111.74662780761719,84.9825439453125
2024-12-31,112.15538787841797,83.83696746826172
2025-01-02,113.41085815429688,86.99478912353516
2025-01-03,116.70038604736328,89.52505493164062
2025-01-06,121.32325744628906,98.8790054321289
2025-01-07,118.02398681640625,101.51883697509766
2025-01-08,116.11644744873047,99.02843475341797
2025-01-10,111.69796752929688,98.95869445800781
2025-01-13,107.22108459472656,94.69512939453125
2025-01-14,106.14080810546875,96.98628997802734
2025-01-15,106.30626678466797,102.7939224243164
2025-01-16,107.16270446777344,102.20618438720703
2025-01-17,106.70528411865234,105.3440933227539
2025-01-21,108.56416320800781,108.96015167236328
2025-01-22,112.48734283447266,108.81073760986328
2025-01-23,111.60792541503906,104.43758392333984
2025-01-24,111.1291275024414,102.7939224243164
2025-01-27,101.46529388427734,90.76028442382812
2025-01-28,98.9736328125,87.91127014160156
2025-01-29,100.74221801757812,88.6683578491211
2025-01-30,102.9407730102539,92.14495086669922
2025-01-31,101.23078155517578,90.8897933959961
2025-02-03,97.80105590820312,89.5748519897461
2025-02-04,99.34492492675781,90.31201171875
2025-02-05,102.06134033203125,93.24072265625
2025-02-06,103.49772644042969,94.17711639404297
2025-02-07,103.93743896484375,91.94572448730469
2025-02-10,109.74159240722656,95.56178283691406
2025-02-11,108.8915023803711,93.71888732910156
2025-02-12,110.33763885498047,91.32809448242188
2025-02-13,107.73848724365234,95.2928237915039
2025-02-14,111.76425170898438,99.13800811767578
2025-02-18,117.58795928955078,106.38008880615234
2025-02-19,118.19377899169922,103.95942687988281
2025-02-20,117.14825439453125,102.78395080566406
2025-02-21,114.91062927246094,98.46061706542969
2025-02-24,111.52975463867188,95.04378509521484
2025-02-25,108.11956024169922,92.8621826171875
2025-02-26,113.00521850585938,97.33494567871094
2025-02-27,105.36405181884766,91.4675521850586
2025-02-28,100.41000366210938,93.27061462402344
2025-03-03,93.3746566772461,90.1924819946289
2025-03-04,91.9187240600586,90.84993743896484
2025-03-05,95.0260009765625,93.97789001464844
2025-03-06,90.89273834228516,88.92735290527344
2025-03-07,89.36840057373047,92.60318756103516
2025-03-10,88.27401733398438,86.74576568603516
2025-03-11,89.47589874267578,88.70819854736328
2025-03-12,92.41706848144531,95.27289581298828
2025-03-13,90.33577728271484,94.51580810546875
2025-03-14,93.48213958740234,100.40312957763672
2025-03-17,95.4266357421875,102.7142333984375
2025-03-18,94.23452758789062,101.3295669555664
2025-03-19,96.46238708496094,101.66825866699219
2025-03-20,96.6578140258789,102.60464477539062
2025-03-21,95.33869171142578,94.35643768310547
2025-03-24,97.5274658203125,96.56791687011719
2025-03-25,96.59918212890625,93.81848907470703
2025-03-26,94.05864715576172,91.77637481689453
2025-03-27,94.87944030761719,90.81009674072266
2025-03-28,90.17942810058594,88.10054016113281
2025-03-31,89.06549835205078,86.66918182373047
2025-04-01,89.85697174072266,88.48455047607422
2025-04-02,93.14990997314453,88.37483978271484
2025-04-03,75.4638442993164,74.15106964111328
2025-04-04,69.99188995361328,64.55552673339844
2025-04-07,73.28482055664062,68.19624328613281
2025-04-08,70.9299545288086,65.37345123291016
2025-04-09,82.2646713256836,77.67210388183594
2025-04-10,77.13472747802734,69.87198638916016
2025-04-11,80.05635833740234,69.37325286865234
2025-04-14,83.24180603027344,70.83950805664062
2025-04-15,83.5349349975586,70.85946655273438
2025-04-16,81.45365905761719,69.15380096435547
2025-04-17,82.8607177734375,68.62516021728516
2025-04-21,80.50582885742188,66.57038879394531
2025-04-22,82.6840591430664,70.03157043457031
2025-04-23,87.67973327636719,72.74465942382812
2025-04-24,92.83272552490234,77.22325134277344
2025-04-25,93.3145980834961,79.57725524902344
2025-04-28,92.90155029296875,78.36034393310547
2025-04-29,92.2230224609375,76.68462371826172
2025-04-30,90.23655700683594,76.75444793701172
2025-05-01,90.42340087890625,77.5723648071289
2025-05-02,93.01956939697266,80.5148696899414
2025-05-05,92.79338073730469,80.21562194824219
2025-05-06,92.39019012451172,80.3053970336914
2025-05-07,94.19965362548828,82.4100341796875
2025-05-08,94.62251281738281,84.93360137939453
2025-05-09,94.3176498413086,85.64179992675781
2025-05-12,101.70297241210938,92.05546569824219
2025-05-13,106.05941772460938,96.68366241455078
2025-05-14,109.17678833007812,95.07776641845703
2025-05-15,109.02928161621094,95.20743560791016
2025-05-16,112.2941665649414,97.7509536743164
2025-05-19,112.3826675415039,98.3992919921875
2025-05-20,112.33349609375,97.8507080078125
2025-05-21,110.07168579101562,95.596435546875
2025-05-22,110.09134674072266,94.5890121459961
2025-05-23,110.24868774414062,93.13272094726562
2025-05-27,112.09747314453125,96.13506317138672
2025-05-28,111.8811264038086,95.9355697631836
2025-05-29,111.74345397949219,96.55400085449219
2025-05-30,109.42263793945312,94.2199478149414
2025-06-02,106.28560638427734,97.93048858642578
2025-06-03,110.04218292236328,101.99015045166016
2025-06-04,110.82889556884766,102.98760986328125
2025-06-05,109.96351623535156,106.0198745727539
2025-06-06,111.86145782470703,108.28411102294922
2025-06-09,112.32366943359375,110.66803741455078
2025-06-10,111.36975860595703,113.84992980957031
2025-06-11,109.39313507080078,115.73512268066406
2025-06-12,111.51728057861328,115.88475036621094
2025-06-13,107.74102020263672,115.30621337890625
2025-06-16,111.85163116455078,119.53543853759766
2025-06-17,114.0052719116211,120.03417205810547
2025-06-18,114.62480926513672,121.51042175292969
2025-06-20,117.3881607055664,123.28589630126953
2025-06-23,116.06057739257812,121.7697525024414
2025-06-24,118.58789825439453,127.58494567871094
2025-06-25,118.4600601196289,126.92662048339844
2025-06-26,123.88842010498047,125.6797866821289
2025-06-27,121.93144989013672,124.44293975830078
2025-06-30,120.56453704833984,122.93678283691406
2025-07-01,119.708984375,120.58277130126953
2025-07-02,121.42992401123047,121.43061828613281
2025-07-03,123.14103698730469,121.97921752929688
2025-07-07,122.69850158691406,119.72782897949219
2025-07-08,122.3248291015625,124.22061920166016
2025-07-09,124.5276107788086,122.04411315917969
2025-07-10,125.786376953125,122.91272735595703
2025-07-11,124.72431945800781,124.3304443359375
2025-07-14,123.58356475830078,118.41993713378906
2025-07-15,123.60324096679688,119.91752624511719
2025-07-16,121.51842498779297,116.24342346191406
2025-07-17,121.82328033447266,113.07850646972656
2025-07-18,129.06109619140625,114.20669555664062
2025-07-21,126.81893920898438,113.0485610961914
2025-07-22,122.7656021118164,109.04497528076172
2025-07-23,125.61923217773438,109.65399932861328
2025-07-24,126.73502349853516,111.55096435546875
2025-07-25,129.5688934326172,111.08170318603516
2025-07-28,132.17568969726562,111.07173156738281
2025-07-29,131.830078125,111.78058624267578
2025-07-30,131.85971069335938,114.5561294555664
2025-07-31,131.02041625976562,108.9651107788086
2025-08-01,125.71797943115234,104.7119369506836
2025-08-04,128.5913543701172,107.59729766845703
2025-08-05,128.83822631835938,108.8852310180664
2025-08-06,126.52766418457031,108.60568237304688
2025-08-07,132.2447967529297,111.69073486328125
2025-08-08,135.8784942626953,118.6994857788086
2025-08-11,136.57955932617188,123.52174377441406
2025-08-12,139.85777282714844,127.5452880859375
2025-08-13,137.38925170898438,124.07085418701172
2025-08-14,137.11276245117188,125.08922576904297
2025-08-15,136.54006958007812,120.67631530761719
2025-08-18,136.3919677734375,123.35202026367188
2025-08-19,133.4988250732422,121.85442352294922
2025-08-20,126.86337280273438,117.02217864990234
2025-08-21,126.2215576171875,115.60445404052734
2025-08-22,129.1936798095703,117.49142456054688
2025-08-25,129.36155700683594,116.23342895507812
2025-08-26,129.341796875,116.31331634521484
2025-08-27,130.83279418945312,117.56130981445312
2025-08-28,132.36329650878906,121.80449676513672
2025-08-29,120.61302947998047,118.81929016113281
2025-09-02,119.43799591064453,118.2901382446289
2025-09-03,122.4594955444336,118.5297622680664
2025-09-04,125.07615661621094,124.01095581054688
2025-09-05,123.25930786132812,131.15948486328125
2025-09-08,121.45233154296875,131.2493438720703
2025-09-09,119.76384735107422,135.02328491210938
2025-09-10,122.88408660888672,139.77565002441406
2025-09-11,123.79251861572266,150.32870483398438
2025-09-12,123.46666717529297,156.97802734375
2025-09-15,125.20451354980469,157.51718139648438
2025-09-16,126.07344818115234,158.56549072265625
2025-09-17,128.69996643066406,159.73361206054688
2025-09-18,130.4477081298828,168.61936950683594
2025-09-19,130.2798309326172,162.46923828125
2025-09-22,133.982666015625,164.35621643066406
2025-09-23,132.649658203125,166.14334106445312
2025-09-24,130.42796325683594,161.4508819580078
2025-09-25,129.3121795654297,156.5786895751953
2025-09-26,129.1147003173828,157.0179901123047
2025-09-29,132.21517944335938,163.63735961914062
2025-09-30,139.9861602783203,167.05186462402344
2025-10-01,147.79661560058594,181.85809326171875
2025-10-02,145.51568603515625,183.45555114746094
2025-10-03,138.96913146972656,187.64645385742188
2025-10-06,143.9259490966797,190.7733917236328
2025-10-07,148.97164916992188,185.508544921875
2025-10-08,162.4597625732422,196.34793090820312
2025-10-09,153.9877166748047,192.1420440673828
2025-10-10,148.67543029785156,181.42254638671875
2025-10-13,151.46981811523438,192.5816192626953
2025-10-14,146.8980712890625,186.877197265625
2025-10-15,151.76602172851562,191.75242614746094
2025-10-16,149.4061279296875,202.3320770263672
2025-10-17,147.707763671875,202.18223571777344
2025-10-20,146.0093994140625,206.5679473876953
2025-10-21,148.0754852294922,202.09230041503906
2025-10-22,148.76914978027344,198.27606201171875
2025-10-23,152.8319854736328,206.5080108642578
2025-10-24,157.20201110839844,218.8059844970703
2025-10-27,160.71983337402344,219.88491821289062
2025-10-28,163.38546752929688,221.6931610107422
2025-10-29,162.11705017089844,226.40853881835938
2025-10-30,159.55052185058594,223.79107666015625
2025-10-31,160.5414581298828,223.55133056640625
2025-11-03,158.65869140625,234.47064208984375
2025-11-04,153.23828125,217.8169403076172
2025-11-05,151.02850341796875,237.2678985595703
2025-11-06,147.8277587890625,238.0970916748047
2025-11-07,145.3702392578125,237.6875
2025-11-10,141.39659118652344,253.05245971679688
2025-11-11,137.50222778320312,240.8743896484375
2025-11-12,139.43455505371094,244.66065979003906
2025-11-13,132.7259063720703,236.71844482421875
2025-11-14,132.5475311279297,246.58877563476562
2025-11-17,121.36978912353516,241.7135772705078
2025-11-18,121.57788848876953,228.27670288085938
2025-11-19,118.29788970947266,225.69921875
2025-11-20,116.3358383178711,201.17320251464844
2025-11-21,121.3995132446289,207.16734313964844
2025-11-24,126.06682586669922,223.71116638183594
2025-11-25,124.77861022949219,224.31057739257812
2025-11-26,132.05206298828125,230.03497314453125
2025-11-28,132.14126586914062,236.2489013671875
2025-12-01,130.89268493652344,240.22503662109375
2025-12-02,134.71768188476562,239.25596618652344
2025-12-03,132.41871643066406,233.93118286132812
2025-12-04,137.73013305664062,226.4285125732422
2025-12-05,137.65084838867188,236.98818969726562
2025-12-08,139.13726806640625,246.6787109375
2025-12-09,136.9671173095703,252.17333984375
2025-12-10,139.35525512695312,263.4522705078125
2025-12-11,137.3436737060547,258.2074279785156
2025-12-12,128.8018035888672,240.90435791015625
2025-12-15,129.32701110839844,237.2678985595703
2025-12-16,132.53762817382812,232.28277587890625
2025-12-17,126.73075103759766,225.29962158203125
2025-12-18,121.82562255859375,248.30711364746094
2025-12-19,125.2740707397461,265.66015625
2025-12-22,125.46234893798828,276.3197021484375
2025-12-23,126.46320343017578,276.0
2025-12-24,127.21631622314453,286.39984130859375
2025-12-26,128.0685272216797,284.51171875
2025-12-29,126.30464172363281,294.2011413574219
2025-12-30,126.7604751586914,292.4621276855469
2025-12-31,124.73896026611328,285.24627685546875
2026-01-02,126.64156341552734,315.23907470703125
2026-01-05,122.88592529296875,311.970947265625
2026-01-06,122.806640625,343.23297119140625
2026-01-07,118.98163604736328,339.355224609375
2026-01-08,117.42586517333984,326.8323974609375
2026-01-09,119.52664947509766,344.8920593261719
2026-01-12,119.37800598144531,345.6716003417969
2026-01-13,118.57535552978516,337.93603515625
2026-01-14,117.61414337158203,333.1587829589844
2026-01-15,118.57535552978516,336.4368896484375
2026-01-16,119.43746185302734,362.54193115234375
2026-01-20,110.54472351074219,364.7906494140625
2026-01-21,112.724365234375,388.88677978515625
2026-01-22,116.61587524414062,397.3518981933594
2026-01-23,114.88410186767578,399.4207458496094
2026-01-26,115.3817367553711,388.8667907714844
2026-01-27,114.11775207519531,410.0046691894531
2026-01-28,116.7651596069336,435.03033447265625
2026-01-29,117.92962646484375,435.5400390625
2026-01-30,113.89878845214844,414.6419982910156
2026-02-02,118.59647369384766,437.5488586425781
2026-02-03,116.5959701538086,419.19940185546875
2026-02-04,121.46284484863281,379.182373046875
2026-02-05,114.84429168701172,382.6703796386719
2026-02-06,120.47753143310547,394.4635925292969
2026-02-09,120.33818817138672,383.2799987792969
2026-02-10,125.41407012939453,373.035888671875
2026-02-11,123.57281494140625,410.1046142578125
2026-02-12,112.28644561767578,413.7325439453125
2026-02-13,116.93436431884766,411.4238586425781
2026-02-17,115.54097747802734,399.5506591796875
2026-02-18,116.22771453857422,420.70855712890625
2026-02-19,118.49693298339844,417.110595703125
2026-02-20,121.6917495727539,427.92437744140625
2026-02-23,118.5765609741211,420.7285461425781
2026-02-24,119.2135238647461,417.7702331542969
2026-02-25,122.89603424072266,428.75390625
2026-02-26,120.87562561035156,415.3216247558594
2026-02-27,147.37969970703125,412.1334533691406
2026-03-02,152.82383728027344,412.43328857421875
2026-03-03,144.493408203125,379.46221923828125
2026-03-04,146.40432739257812,400.5400695800781
2026-03-05,145.82708740234375,396.8222351074219
2026-03-06,145.78726196289062,370.08758544921875
2026-03-09,145.81712341308594,389.0966796875
2026-03-10,143.11993408203125,402.8787536621094
2026-03-11,146.6730499267578,418.4498291015625
2026-03-12,149.20103454589844,405.1174621582031
2026-03-13,150.90293884277344,425.8855895996094
2026-03-16,155.79966735839844,441.54656982421875
2026-03-17,152.286376953125,461.4251403808594
2026-03-18,148.50436401367188,461.46514892578125
2026-03-19,156.01864624023438,444.01513671875
2026-03-20,156.92433166503906,422.65740966796875
2026-03-23,163.81161499023438,404.1180419921875
2026-03-24,176.07334899902344,395.3031311035156
2026-03-25,183.13975524902344,381.8708190917969
2026-03-26,174.98851013183594,355.256103515625
2026-03-27,170.99746704101562,357.0151062011719
2026-03-30,163.88128662109375,321.75048828125
2026-03-31,163.35379028320312,337.7880554199219
2026-04-01,168.57896423339844,367.7934265136719
2026-04-02,173.5453643798828,366.18365478515625
2026-04-06,172.36097717285156,377.701904296875
2026-04-07,176.84967041015625,377.52191162109375
2026-04-08,184.59288024902344,406.6674499511719
2026-04-09,180.60183715820312,421.4451904296875
2026-04-10,176.9591522216797,420.52532958984375
2026-04-13,188.89242553710938,426.4944152832031
2026-04-14,183.63739013671875,465.5884094238281
2026-04-15,176.4416046142578,456.15985107421875
2026-04-16,192.1768341064453,457.1596984863281
2026-04-17,195.6204833984375,455.0000305175781
2026-04-20,203.27410888671875,448.3510437011719
2026-04-21,212.00965881347656,449.3109130859375
2026-04-22,214.29588317871094,487.4050598144531
2026-04-23,211.79002380371094,481.64593505859375
2026-04-24,215.73350524902344,496.64361572265625
2026-04-27,215.61370849609375,524.4793090820312
2026-04-28,205.5902557373047,504.21246337890625
2026-04-29,205.3207244873047,518.3803100585938
2026-04-30,208.60528564453125,517.0804443359375
2026-05-01,209.82327270507812,542.1266479492188
2026-05-04,211.2908477783203,576.3613891601562
2026-05-05,215.963134765625,640.1015625
2026-05-06,238.4060516357422,666.487548828125
2026-05-07,229.89012145996094,646.5305786132812
2026-05-08,260.0303039550781,746.6951293945312
2026-05-11,246.6324462890625,795.2077026367188
2026-05-12,238.54580688476562,766.462158203125
2026-05-13,243.46766662597656,803.5064086914062
2026-05-14,247.48104858398438,775.8906860351562
2026-05-15,241.59078979492188,724.5485229492188
2026-05-18,237.63731384277344,681.4351806640625
2026-05-19,234.8718719482422,698.632568359375
2026-05-20,242.5292205810547,731.87744140625
2026-05-21,252.38294982910156,761.9827880859375
2026-05-22,294.7030029296875,750.884521484375
2026-05-26,304.5766906738281,895.7422485351562
2026-05-27,304.8163146972656,928.2672119140625
2026-05-28,316.5269470214844,923.3779907226562
2026-05-29,420.2156066894531,970.8507080078125
2026-06-01,465.1912841796875,1035.3408203125
2026-06-02,434.59185791015625,1063.936279296875
2026-06-03,420.38531494140625,1079.4039306640625
2026-06-04,421.3537292480469,995.8468627929688
2026-06-05,393.7393798828125,863.8771362304688
2026-06-08,400.10882568359375,949.134033203125
2026-06-09,381.1501770019531,935.74609375
2026-06-10,369.2198791503906,891.7428588867188
2026-06-11,390.8042297363281,995.7168579101562
2026-06-12,394.91741943359375,981.4590454101562
2026-06-15,408.3951416015625,1087.8226318359375
2026-06-16,403.4133605957031,1020.60302734375
2026-06-17,418.62823486328125,1043.029541015625
2026-06-18,408.8244323730469,1133.8155517578125
2026-06-22,418.01922607421875,1211.1937255859375
2026-06-23,427.07427978515625,1051.6082763671875
2026-06-24,433.3439025878906,1048.3487548828125
2026-06-25,408.7745361328125,1213.3734130859375
2026-06-26,398.8309326171875,1132.1558837890625
2026-06-29,413.9259948730469,1145.1038818359375
2026-06-30,430.7481994628906,1154.112548828125
2026-07-01,424.5484619140625,1032.121337890625
2026-07-02,393.66949462890625,975.4099731445312
2026-07-06,411.1206359863281,984.75
2026-07-07,416.5915832519531,938.3800048828125
2026-07-08,431.2573547363281,948.7999877929688
2026-07-09,449.4772644042969,991.6400146484375
2026-07-10,434.2524108886719,979.2999877929688
2026-07-13,426.4053649902344,937.0
2026-07-14,456.7851867675781,983.1199951171875
2026-07-15,411.9991760253906,904.280029296875
2026-07-16,390.7343444824219,853.2000122070312
2026-07-17,395.6861267089844,848.9500122070312
2026-07-20,381.25,865.4600219726562
2026-07-21,404.1499938964844,970.8200073242188
2026-07-22,441.79998779296875,959.47998046875
2026-07-23,439.3399963378906,990.2100219726562
2026-07-24,437.5,920.9500122070312
2026-07-27,426.9100036621094,900.2000122070312
2026-07-28,392.1000061035156,820.530029296875
2026-07-29,369.6400146484375,739.0
2026-07-30,404.80999755859375,874.6599731445312
2026-07-31,405.3699951171875,823.030029296875
2026-08-03,429.0199890136719,829.5
2026-08-04,467.2699890136719,892.6699829101562
2026-08-05,462.70001220703125,893.1900024414062
2026-08-06,437.6499938964844,881.469970703125
2026-08-07,453.7699890136719,877.5700073242188
2026-08-10,457.8800048828125,861.0
2026-08-11,440.9700012207031,868.52001953125
2026-08-12,484.5,911.2899780273438
2026-08-13,494.510009765625,949.8300170898438
2026-08-14,490.80999755859375,971.6599731445312
2026-08-17,479.80999755859375,1011.75
2026-08-18,468.6499938964844,940.760009765625
2026-08-19,437.54998779296875,937.1099853515625
2026-08-20,434.7799987792969,974.3300170898438
2026-08-21,442.0799865722656,966.780029296875
2026-08-24,433.19000244140625,910.4299926757812
2026-08-25,451.5,932.969970703125
2026-08-26,463.82000732421875,938.4000244140625
2026-08-27,472.260009765625,935.3900146484375
2026-08-28,456.239990234375,932.8599853515625
2026-08-31,456.010009765625,958.72998046875
2026-09-01,425.0,933.4400024414062
2026-09-02,492.20001220703125,956.0800170898438
2026-09-03,516.3900146484375,958.1599731445312
2026-09-04,524.1400146484375,1016.5900268554688
2026-09-08,533.8800048828125,1000.260009765625
2026-09-09,535.25,1027.77001953125
2026-09-10,506.6199951171875,977.4099731445312
2026-09-11,567.2899780273438,975.260009765625
2026-09-14,534.280029296875,924.030029296875
2026-09-15,543.510009765625,927.5999755859375
